id,screen_name,description,label
3022357312,pattavis,,bot
753659579582541824,PromotingLouisT,"➡ here we promote all of the boys' music 🐼💖

➡ DM me if you want a flyer in your own language to do promo in your country ⭐
‼️NEW PROJECT: #1DMITAMPROJECT ‼️",bot
901802279623417856,Anna10mila,Sii il cambiamento,human
2982392825,AlleHanna,,bot
825436422609969152,ZaffiroBlu3,Se puoi sognarlo puoi farlo 💙,bot
971039774726377474,Marghe_Paro,,human
1012258265772720128,1D97435172,,bot
1001873627506233346,50shadesofsfiga,,human
3414414435,Peugeotcrew,Gruppo di pazzi amanti del Leone francese,bot
617000584,bastardo42,Buonista UN CAZZOll,human
816718293142740992,ShamelessAndGay,"You like me best when I'm off my rocker
🌈🌈",human
978899289861754880,Ele108294,"Lettrice accanita, malata di serie tv e adepta di Walt Disney. Amante di Tolstoj e ipocondriaca di professione, da grande voglio essere come Frank Underwood.",human
3070640794,Cappellaio87,,bot
1449933242,LBrogialdi,ComuniC(re)ativa Insulino(Accattiv)ante Curiosa(da perderci lo Zampino) Mamma(PerPassione) Cuoca(PerCaso) Photo (Dipendente) AmoreReiki&Simpatia,human
850371251277352960,PaolaBarbanera,"Guida Turistica di Roma e provincia Rome Tourist Guide since 1994
#romevaticantourguide #paolarometouristguide #paolaguidaroma
⭐️⭐️⭐️⭐️⭐️",human
757515891403788288,RobyAlpha,"Perché grazie al profumo della tua pelle, posso vederlo. Posso respirarlo.  #Stilesnellanima",human
2921287407,filippotrav,,bot
1002691095829057538,Chloe_Lou_Rose,24|math student|psychology books|Il Volo.🌻,bot
839181003449110530,antodamario1982,,bot
2617299705,bbenzoval,"sì, parlo molto",human
4611389296,0nedangels,"“if you are black, if you are white, if you are gay, if you are straight, if you are transgender, whoever you are, I love you all.” -Harry Styles🏳️‍🌈",human
727469564901076992,sonia_ariu,,bot
550410719,AnnaMinervini1,"Nulla si può annullare di chi , ti entra negli occhi , cammina verso l'anima e ti attraversa il cuore❤️...",bot
975703783475949568,4NG3L0NF1R3,☆ My name is Hélène. I’m a sunny girl in love with Harry Styles.,bot
1048754004,lindascanona,,bot
14871003,gbgallus,"Lawyer, #ISO27001 Lead Auditor, #freesoftware advocate, former president of @CircoloGT, @nexacenter Fellow. @UCL Alumnus. #ITLaw, #privacy, #security & #drones.",human
4798069173,righettifrance1,,bot
165051584,_diana87,Cinema & TV series freelance journalist for @SpoilerTV @OptiMagazine #FoxLife. Former translator #OsservatorioIraq / fan account https://t.co/ABQ86l9lM0,human
3825988815,Luca10adp,"Chi non osa nulla, non speri in nulla.",human
991332558,GianturcoMira,,human
231999899,Diletta123,"«La mia Musica, io e Voi...»",bot
96738439,oloapmarchi,"Born in Milan, march 1955, journalist, his job is Identità Golose in Milan, Rome, Cortina, London, New York, Chicago, Boston and more.",human
830683244,Beatiste,"Non ti accontentare mai di ciò che sei, se vuoi arrivare a ciò che ancora non sei... Sant'Agostino",human
1011238575399165959,1dalwaysinmyhe1,"ONE DIRECTION💫
LEGENDS NEVER DIE❤🤞
I LOVE YOU GUYS😻",human
337161893,essexelle,Le etichette sono per i prodotti non per le persone. Mi comporto come un fluido non newtoniano. Combatto ogni giorno una guerra invisibile con l' #asperger,human
781179765843750912,nalitinelli,,human
1428293736,sb_728,,human
972313916578713600,LuanaPirri,,bot
825397260032811012,isolafelice21,,bot
2365823596,nonnagri,Astenersi antifascisti di nome e pdioti saccenti del cazzo,human
822123492216897540,TheVoiceIsVS,,bot
2998480923,GInterrato,,bot
2199622261,FabioRoscioli,Programmatore,human
2982498327,lontano2009,,bot
280175586,nunziapenelope,"Ho vissuto, per un troppo breve periodo, in un paese civile. (Giornalista, scrittrice, romana, europea, europeista. E ripeto: europea, europeista) 🇪🇺",human
2704478260,ImparatoPasqual,,bot
728911567589363712,DENISA_NH14,"17y//1D//Mendes Army//LG(B)T🏳‍🌈//FOOTBALL⚽// 
Treat People With Kindness. 💕",human
840552254851678211,FEHTakumi,"I’m a chat bot, ask me anything! 🙌🏻 // Made with 💖 by @Aregustv // Parody Account not affiliated with Nintendo.",bot
785397318,ValterRimini,Sempre a testa in su...A riveder le stelle!,human
797499926594908160,Gvccij,Pick someone who is supportive🦋,human
135547288,VinceMaielli,"Nato nelle Puglie, Foggia. Vivo nella Pianura Padana. Cuore di Lupo che lotta con la vita, infinita prigione e gelida come la Steppa, e con sè. Gobbo ◻️◼️ 🐺🐾",human
2930775934,GiuliettaSkype,,bot
1011987366582603776,Funghetti4,,bot
630459182,67Malaguti,SONO PER LA DEMOCRAZIA  L'ONESTÀ LA CORRETTEZZA LA SINCERITÀ E SOPRATTUTTO PER L'ITALIA LA SUA CULTURA E I SUOI PATRIMONI,human
830818718703837187,Joker12953,,bot
2772451794,LorettaLORI3,,bot
825987115662065664,migliavs,,bot
2864751126,davideberg68,"non ho paura del confronto non blocco nessuno solo perche non la pensa come me, e chi mi blocca sono proprio quelli che vogliono lasciare aperto tutto a tutti.",human
422025735,paolamietto,Dott.Commercialista e Revisore dei Conti - Esperta nell'applicazione delle procedure di esdebitamento-come liberarsi dei debiti che non si riesce piu' a pagare,human
4549685356,enzarella2,,bot
526391347,raffa_brigante,,bot
344159343,marosa259,,human
876795381841100801,Odiotuttigioia,"1. Mai essere serio. 2. Mai andare a rompere il cazzo a qualcuno, per quanto stupido sia. 3. Mai lasciare che qualcuno che rompe il cazzo a me la passi liscia😂.",bot
826576741506355203,Verbena35,,bot
704820933027045376,fitti1988,"JUVENTUSTYLE. Onore e lunga vita alla gloriosa Curva Sud Scirea. #FinoAllaFine 🏳🏴
Manu Ginobili is my god. #GoSpursGo
Virtus Vu Nere.",human
1891849693,BoselliMarisa,non sopporto l'incoerenza! nemica di tutto ciò che grava suoi deboli!,human
932924905,EMZONERI,,bot
2998555053,GSpasmo,,bot
596665906,faberskj,"i'm a lawyer, i’m a scorpio. and my heart is blonde",human
2729708935,MyHappiness1Dhs,"«Nessuno deve essere lasciato indietro: né italiani, né rom, né africani, né qualsiasi tipo di persona»",human
2363684405,AlessioFraumene,,human
1012294396526710784,Vote1D70522235,,human
251194177,wasitjustalie,"Solo les quiero decir,nunca los voy a olvidar.
26.01.14//24.01.15//05.06.15 Left my heart in Millennium Stadium,Cardiff.",bot
606417584,CannovaV,Suonatore di launeddas........Cornista presso banda musicale brigata Sassari..... Instagram: https://t.co/ZDc7dPvweE,human
804847281417633792,vezzosauro_ale,,bot
504476597,Stegallio8,"moglie, figlia, zia, milanista, diversamente esperta, scienziata della comunicazione prestata alla pubblica amministrazione",human
327894673,elena2613,,bot
2918691515,Cat2014_Believe,La musica è per l'anima ciò che le parole sono per la mente.,bot
1012302562660405248,Holaa63146637,,bot
2950152521,loririlolo,,bot
968459856,PaoloProsdocimi,Commercialista ed appassionato di politica,human
1571230602,Giulia_1D_LM,@onedirection~29.06.14❤️,human
856380782847422464,Pegasofree777,Mai discutere con un idiota. Ti trascina al suo livello e ti batte con l’esperienza. O.Wilde,human
750962994100707328,psacrewIT,,bot
831862062833876993,paopia64,,bot
831161868614004741,ZiaGuerriera,,bot
523625151,kssdhr,"🕊🇮🇹🇺🇸🇷🇺🇨🇳🕊 Pd=🤡
No U.E end the fed gold standard",human
3107788774,Pesce98Vittoria,,bot
761296330903916545,Maria_Letizia_,𝓑𝓪𝓼𝓽𝓪 𝓽𝓪𝓬𝓮𝓻𝓮 𝓹𝓮𝓻 𝓿𝓸𝓵𝓮𝓻𝓼𝓲 𝓫𝓮𝓷𝓮,human
3092010165,GioLuna64,Come un girasole🌻... il sole☀️ sempre il sole ☀️sempre il sole☀️...🌻🌻🌻 Ritweetto di bello e... qualche volta tweetto 😀😃,human
3182660278,francorosaria13,,bot
883724976158887938,69Nique,,bot
438476133,trepazia,"Gli dei hanno dato agli uomini due orecchie e una bocca, per poter ascoltare il doppio e parlare la meta'. (Talete)",human
2158759025,citro_rosa,,bot
1698808080,AngiSvezia,,bot
974981520984346626,Derire2,Arte e Cultura Musica Informazione,bot
1013753576,betta_andrioli,Giornalista,human
926348944686419968,HababaAlaa,Ben. işimi. seviyorum. boya. deresi,human
265347584,mari_posaazul,•You and me got a whole lot of history We could be the greatest team that the world has ever seen• |05/09/2013| 💘 |3💙9💚13|,human
2413775282,Niurant,"Sempre e comunque dalla parte della civiltà,sempre e comunque dalla parte della pace, sempre e comunque senza insultare, ma voi fate pure...
#facciamorete",human
950833130948177920,Lelepaolo1,Peugeot,bot
732212397654609920,CRPFRASCATI,"Il punto di riferimento per l'auto dei Castelli Romani. Vendita veicoli nuovi e usati,assistenza Peugeot,assicurazioni, finanziamenti,lavaggio, noleggio auto",bot
951241980859830272,LouisT_Promo_,"◟̽◞̽ LOUIS TOMLINSON ◟̽◞̽ PROMO . . . . . . . . . . . . . _Shit, maybe I miss you_",human
205354640,ticchiolina,Laureata in Legge di Murphy,human
1000424874194690048,xoxo_giuly_,•Just a girl who believes in the power of music•,human
438798142,ZzuCicciu,"Πολλοί λένε, λίγοι γνωρίζουν",human
2452764372,rarimani,"nata a Milano appassionatamente innamorata di progetti utopici, narratrice  poetica perennemente in ascolto dell'universo",human
827909004923801600,Caranoemitw,,bot
734396807745286145,11dreams_,"be a lover, give love, choose love, always.",human
262893816,missingsmth,"'Let yourself be beautiful' 💛
'È l'amore quello che ci salva'",human
2764705943,beauty0fsilence,"I'm lost, I'm vain, I will never be the same without you",bot
831961066313773058,lorellacan,,bot
470253363,zia_eli,,bot
460216069,so69ny,"adoro il calcio, pur capendoci poco...amala!",human
1153738128,ggarigli,"INTERISTA DOC,AMO CAVALLI E TUTTI GLI ANIMALI.NATURALMENTE  LE DONNE,LA CUCINA SICULA ,,,",bot
448110696,GabriPobega,Se leggi...i tuoi viaggi non finiscono mai...,bot
2890342662,1DLads4Life,"Welcome (*^▽^*) LADS (League of Amazing Directioners)
Please vote 1 Direction for Best Fandom category at Teen Choice 😊
Follow me I'll follow you back 🔁",human
517747193,coccio2001,"Genova, yacht e cantieri, Sampdoria, mugugno vario",human
2153829339,garbugli_la,"Sono poche le cose che riesco a prendere sul serio,e,Twitter nn è fra queste-Divieto d’accesso per:fasciogrilloleghisti,omofobi,razzisti",human
961661021017518086,patri_well,Non so quale Dio ti ha fatto così nobile e moderno molta gente mi ha guardato solo dall'esterno...,bot
825675893741846528,Anna33120263,,human
1012063518659698690,Bastardisemibl1,,human
922835518756474880,InterForEver71,Sono contro l’illegalità quindi ogni riferimento ai gobbi è fortemente voluto,human
327674514,Fiffistefy,Apparire e non essere è come filare e non tessere,bot
855136163849482240,Dudda_Novizia,,bot
3039154799,00_matilde,••TEEN WOLF//SKAM//SHAMELESS••Il mio livello di sarcasmo è arrivato al punto in cui non so neanche io se scherzo o sono seria.,human
1704716070,1D_ilmiosogno,28/06/14-04/04/18-06/05/18.,human
306412249,Caracciolo93,,human
193317159,Vito_Salvo,,human
761376188,lavitamiglior3,“ Camminare fa passare ogni tristezza. Ti va di passeggiare insieme? “,human
1012447780504326145,1D39191230,(#ProjectInfinity)VOTE 1D Best Fandom Teen Choice! ALSO Happy 8 YEARS! (currently crying... in a cool way) 💚💙,human
2181109997,b_baolo,"Italiano, al trombone rispondo con la trombetta.
Non mi serve refollow, non sbattetevi",human
895869750,akobsara,✈️🌍 life is short and the world is wide,human
996455315796262916,Chourou04946447,,bot
560954476,GiuseppinaFarin,,bot
702789675619061761,Snari1979,mitico viva gli animali,bot
438646069,gaelle14juillet,"giornalista - redattrice rubriche religiose RSI e « Voce evangelica » - #religioni #laicità #diritti CH/Italia/ Europa/Mondo, cinguetto a titolo personale",human
3072516610,ianna63,"osare sempre cmq oltre l'impossibile 
crederci sempre arrendersi MAI",human
2298056467,AnnaDream74,"Nella vita non contano i passi che fai, né le scarpe che usi... Contano le impronte che lasci.",human
704993843293331456,unidosxdali,"🌸 Te miro y te elijo sin pensarlo dos veces, y si lo pensara dos veces te volvería a elegir 🌸",bot
132962832,ManuBoniPH,"Un fotografo sognatore che ha per casa un arcobaleno e per sogno il mondo. Tifoso #9ty9supporter
Campione 2016 e 2018 di #sorpassidaldivano",human
2985794427,MariaHelena_ts,,bot
202206667,GiulianaPoce,,bot
826850430185590786,Stellacdolce,,bot
327555253,ElenaLvdzdv,,bot
2591240449,annarosa701,nel bene e nel male sono sempre me stessa e ...spesso me ne pento,bot
560604863,MonicaDieci,,bot
1011632355419844608,Martinalucconi1,,bot
1010882400325431298,1dreactionpic1,💕💘💖💗💓💞💝,human
2962604531,ae6b1d98c461462,"Amo la vita
amo rispettare il prossimo
amo essere rispettato 
la donna è meravigliosa vita",human
1063319761,AlteaFerrari,"Dinamica, estroversa, solare. Amante viaggi, mare, lingua inglese😍
  Se giudichi le persone non hai tempo per amarle💕   ""A day without a smile is a lost day""🌷",human
518642028,VeronicaFilia,,bot
548914113,Mary_Jack69,"...Ora lo so...ESISTI TU...Tu sei l'aria che sto respirando...ed è una vita che io...sono in cerca di Te...ma Tu sei più di quanto aspettavo...
VALERIO SCANU",bot
840241477,annalisabi76,"A tavola perdonerei chiunque, anche i miei parenti O.Wilde In un’altra vita avevo paura dei gatti https://t.co/JwfsyRWP0T",human
910893710308724743,Paola232220,Amo cantare❤️🎤 spero di poter diventare cantante🎤😍BENJI E FEDE TUTTA LA MIA VITA❤️ 22/07/2017-10/03/2018❤️,human
2485742076,Krentak,,human
4908982317,cifra73,"Non smetto mai di avere paura, non smetto mai di trovare coraggio.",human
357063589,massimosideri,Editorialista Corriere della Sera e responsabile Corriere Innovazione - Libro: La Sindrome di Eustachio (Bompiani) - Docente Master Scicomm @unitrento,human
2983905783,allylardo,,bot
1004050570494259201,tomestherlinson,,human
1337678305,IndieGameTrends,I'll retweet everything with #indiewatch  and #indieGameTrends. Feed me da tweets!,bot
197284836,Noviolenzadonne,"Internationalist, anti racist, anti zionist, anti violence, anti imperialist, anti  capitalist, radical/intersectional feminist blog account",human
834889075337400320,MissAmnesia23,"«...Sulla schiena trovi cicatrici, è lì che ci attacchi le ali.»",bot
825731362179149824,Stella_Perlina,Se puoi sognarlo puoi farlo 💖,bot
932243210277130240,Patrizia22851,,bot
902535078,Shar_FedeRossi,"PCC: Preparazione, Concentrazione, Convinzione",human
2992469811,brunetta_8,,bot
950827317571608576,mariorossi19444,,bot
327555341,56_nico,Donna-chi si ferma è perduto!!!,bot
2349112225,GABRIELLAMARA2,,bot
950483930003771392,Il_Pannocchia1,,bot
855102334875172866,Celica_FE,,bot
856884030,RenatoPradal,INNERES AUGE....Il tutto è più della somma delle sue parti......,human
239861947,Halena85,Non è bello ciò che bello ma è bello ciò che piace !,human
82659565,emmemea,"Journalist Il Sole 24 Ore (@sole24ore), columnist - Da lunedì a venerdi alle 11 con Debora Rosciani a @2didenari @Radio24_news",bot
875005129103200257,zilianisky66,"p.s. la sig.ra pedrotti, di cui ho messo foto, non centra nulla !!
e sono 7 anni che si vince alla grande....
sempre forza juve e intermerda....",human
923565203253579776,PaolaBozzetto,,bot
1244668758,CAusoni,Sono tutti keynesiani con i soldi degli altri. (cit.),human
966343682,EmyScanu,,bot
4358227817,sorciusbarbutus,,bot
431089246,santilligia,"Romano, democratico, liberale, europeista. Credo in una politica pulita, giusta e onesta. P.S. Non faccio il politico di professione, ho un lavoro. E studio.",human
1154282738,1IlMigliore,I governi tecnici sono i peggiori governi politici che si possa immaginare. Il loro scopo è fare il contrario di ciò che la sovranità popolare ha indicato.,bot
2989418577,ILgrandeRIO,,bot
801152682702622720,limar1964,,human
720666928055001088,1DSTATSVOTESL,@darenialls voting account,bot
4701456854,Ti_Amo_Harry,@Harry_Styles  💕28-06-14💕,human
559917335,launizzo,"Mi chiamo Laura e vengo da Pavia! Sono una ragazza dolce, solare, socievole, allegra, e sincera! Amo la Musica e ho una grandissima passione per Valerio Scanu!",bot
868401085802852352,BooandHazz1,,bot
391505537,AleQuinto1,"Educatore professionale e Coordinatore politiche giovanili. L’educazione comincia dalla consapevolezza che “cambiare è difficile, ma è possibile”.",human
963823970507214848,MatteoArnabold1,,bot
726108618051997696,HondaClaudio,super tifoso di Valentino Rossi e Juve e bergamasco,human
2780612193,THESlGNOFHARRY,"when they say you can’t do it, do it twice and take pics",bot
4297819397,_Meelaanie_1D_,"Directioner is a PROMISE 
one direction ❤❤❤❤❤
10.06.15❤ 17.05.18❤
8 Amazing years

troppi fandom per elencarli tutti
music concert❤🎶🎉
love acting 🎬",human
970583174349840384,BrokLiljas,Editoria Politica Organizzazioni no profit Arte Governo & Istituzioni Notizie Cinema Ambientalismo Scienza Tecnologia,human
242327193,sacchetico,Torna #Sacchetico dedicato a #legalità. Partner @bancaetica @consorziocaes @sarvexit @polycartspa @materbi @Coop_ventuno @sisifosrl info@sacchetico.it #En13432,human
228744087,vivitanie,"♡ Kindness never goes out of style ♡

                       ≈ multifandom ≈",bot
4874146875,giunta2016,,bot
2799576867,DelbonoRoberto,"Laureato in Ing. Nucleare,ing. di professione, 👨🏼‍💻maniac, NBA lover e soprattutto Lakers fan. Idoli: Kobe Bryant, Roger Federer e Tom Brady",human
811246201794338818,_martydreamer01,"~ Fan account ~
Benji e Fede❤4 instore & 3 concerti❤
Federica❤️1 evento,3 instore & 1 concerto❤️
Riki❤️1 evento,2 instore & 1 concerto❤️
Riki's follow 20/06/17❤",human
2306559009,stefaniamassim2,,human
585091018,Ab1Disce0mnis,"Padre, antifascista, antipopulista, italiano, ottimista...romanista. 
Prima i vulcaniani 🖖🏼
#facciamorete #FBPE #SiamoEuropei",human
302125749,__Spiderlily__,"Gran Maestra della Nobile Arte del Complicarmi la Vita.
A Vespertilian thing... 
Team #Pezzaccio tessera n.4",bot
788038456274522112,Rosamar70892339,,bot
603005791,EneaMoscon,Entusiasta. Ottimista. Innamorato di @ilaria_serati,human
1714082910,JessicaTzn,La pittura è tutta la mia vita.Tiziano Ferro è il mio idolo tanto che ho una sua frase incisa sulla mia pelle: Il sole esiste per tutti.. 🎨❤,human
3245545312,simona83imperia,,bot
995292937662664704,Valentinaserot4,Amo solo mirko  trovato,human
1000463684945240064,an1Daddiction,"When they’re not together ,we can just imagine they are. Can’t we? I miss my 5 British and Irish idiots together so much. |ZM||HS||NH||LT||LP| [fan acc]",human
2982795550,Gianniontheroad,,bot
423240463,GiusiRiccobono,,bot
3102059566,NovellaPiazzi,,bot
4030954341,heavenloueyes,I love one (1) band @onedirection ❱❱❱❱,human
340600489,il_giga,,human
202588307,danysca22,,bot
2396162744,florianademiche,"Sono Psicologa e Psicoterapeuta, sono amante dei viaggi della musica della pace tra vicini e lontani della giustizia",human
70741097,lorenzlu,"Motociclista da 45 anni, interista da 53",human
825700436766314497,Seilamiacanzone,"Amo la musica, quella vera, senza filtri. 
Quella che arriva diritta al cuore.",bot
2905469547,LeCom_,"'O mi stupisci, o stai al tuo posto' 🔥🌼",human
2984109993,RedsRita,Punta in alto perché è lì che si trovano le stelle..,bot
974977485183037441,luciolavezza,Arte e Cultura Artisti Italiani Musica,bot
808272326324342785,ToniSonia,Pentastellata. Animalista. Sovranista. Insulti e riferimenti alla mia famiglia saranno bloccati. Idem piddini facciamorete e stracci blu 🇮🇹♥️,human
873916630828494848,Vincenz72741158,Segretario di Taranto e provincia del movimento idea sociale,bot
785477139235741696,hrhmaxmartian,i miei maestri sono stati il maestro yoda e il mago forest (non nell ordine) ecco perché sono il tweeter più letto nei peggiori bar di Caracas,human
25851958,Yattaran,Io quando avevo vent'anni ero uno stronzo.,human
390617262,0Claudia9,,bot
3223929605,TornareAcasa,,human
202305873,BrunaVerutti,,bot
2350026720,circeanna,"L'amore non è un problema come non lo è un veicolo... problematici sono soltanto il conducente, i viaggiatori e la strada.",bot
548662037,Elly15vs,"- Hi! I'm Elisa 🙋🏼🇮🇹 - Foreign Languages, Cultures, Literatures and Translations student at @SapienzaRoma 🇬🇧🇷🇺📚- if nothing goes right, go left -",bot
839937500101627904,DeiaDerosas,,bot
3489637217,_Vylmax,Never apologize for being yourself.,bot
17880873,paoloross,"Grazie per l'attenzione, a voi la linea.",human
990324412841889798,RitaGiasone,,bot
908709155137032192,ziaiaia3,"Nessuno scoglio può arginare il mare. Segni particolari: negata per la retromarcia
NO DM📌",human
2976241827,Gimar95,"Giurisprudenza. Appassionato di calcio, cuore bianconero. ⚽️⚫️⚪️",human
333431378,FilippoDuo,"""È un super potere essere vulnerabili"" 🔥",human
898599853546242048,Trasparente_,Da bambina volevo guarire i ciliegi.,human
2732253563,sunlaughxz,Lara🌞 || proudly bi,human
2806416940,novellapiazzi1,,bot
22009205,ceranto,,human
50265477,desimonem,,human
1924501530,MomiraMonika,"Interested in: Border area between Philosophy and Physics, Origin of Life, Literature, Arts, Photography ♌️ - Where is a form, there is a soul - Pessoa",bot
974980320721240064,kasiamilla,Musica Artisti Italiani Personaggi Web Artisti Stranieri,bot
965638639345655809,vaccarellimann1,in direzione ostinata e contraria- account #desalvinizzato #demelonizzato #degrillinizzato #derenzizzato #demoralizzato☹️,human
3211470245,annatic1,,bot
999977095106367488,larrysd4ughter,call me by your name & i call you by mine,human
2929725533,lorettalo22,,bot
778859243655012352,pietro_pascali,,bot
1362279283,DomenicoFurioso,"Ambidestro (o ambisinistro) in tutto e per tutto. Pensiero laterale. Mi domando il perché delle cose: la risposta è quasi sempre razionale, ma non etica.",human
1012332423290478593,LefossettediNH,"06/05/2018 N.H
We took a chonce",human
561948464,dani89vs,,bot
3017805851,elisabettaragg1,,bot
2919964222,giannalecca1,,bot
702253149189439488,LaVolage,"Inadatta a questo mondo, mi ostino a prendere tempo e spazio. 
Rt is not endorsement",human
838435964922052608,Girasole572,Ciao,bot
2921277910,lisettaliz,,bot
4353158674,EmilynotRata,Nessuno mi paga per scrivere i tweet. Purtroppo.,human
771685684738482176,danyelaciriaco,goth angel sinner 🏹 Fan account. 💔🐣,human
981636477292564480,Anna2340531163,,bot
1268082668,MarcellaMelodia,Cristiana. Entusiasta magistero Papafrancesco che allieta mia vecchiaia. Cittadina Europea nata a Roma il 12/04/1930,human
2985880540,Viola_rossa3,,bot
867072457215279104,BiancaCartei,ricordati di splendere sempre,human
839185313461305344,vins_prince1982,,bot
1003160464543510528,MyHappiness1D1,"anusha directioner 😍
anything for them💋
just a fan page 😘",human
827628152411262976,andrea_sorato,ᚠ ᚦ ᚫ ᚱ ᚲ ᚷ ᚹ ᚺ ᚾ ᛁ ᛃ ᛇ ᛈ ᛉ ᛋ ᛏ ᛒ ᛖ ᛗ ᛚ ᛜ ᛞ ᛟ,bot
974977242165055488,Ewa34934453,Fan of Fiorello and Keanu Reeves ♥️🎬😄🎶🎵🐺🐶🐱🦊🦌🐯🐂🐮🐎🐒🐺🐷🐘🐰🐇🐿️🐁🐭🐀🐐🐄🐑🐼🐨🐻🦔🐔🐣🐧🦉🐸🦆🐾and poesia 💙 💚 e la natura 🐸🌻🌹🌲🌳🌱☘️🌿🍃🍂,human
3138084547,InAnalisi,Un'anima antica in un corpo giovane..,human
2919471316,ariacolorata2,,bot
422699535,valentinamoscon,"Artisti preferiti: Valerio Scanu, Jessica Biel
Squadra preferita: Lazio
sport preferito: baseball",bot
1198843740,Jackill22,,human
3027927352,vale20152,,bot
2983904932,tizianafu,,bot
548707617,antonellautopia,,bot
3035505075,_harryobsessed,𝒞𝑜𝓃𝓈𝓉𝒶𝓃𝓉𝓁𝓎 𝑜𝓋𝑒𝓇𝓌𝒽𝑒𝓁𝓂𝑒𝒹 𝒷𝓎 𝓉𝒽𝑒 𝒹𝑒𝓈𝒾𝓇𝑒 𝑜𝒻 𝓉𝓇𝒶𝓋𝑒𝓁𝓁𝒾𝓃𝑔 🗺✈️,bot
4034721759,949905e897cf45a,,bot
977674276936519681,RossRoss5429,,bot
3290568658,GiorgiaAziz1d,"One Direction✨||Styles94,Payne93,Horan93,Tomlinson91||✨.      
ZQUAD. i love you zayn malik.",bot
759150086756589568,TestyMcT3stface,,bot
4149019083,benjifede_love,,bot
393483438,ilbolly,"Agente di viaggio, anzi travel agent che fa più internescional. Qua solo per divertirmi. Can you see the real me? #instagram: @ilbolly",bot
2982479962,mirandamossi,,bot
2853761597,epicfaildrone,,bot
2982567281,topaccia,,bot
804840889067667457,silviapedr2016,,bot
271466783,LoMassi,"Astronauta aerofobico e acrofobico
Contribuisco al cazzeggio generale",human
729045489665052672,FlavianoPeluso,"libero pensatore ed idealista nel tempo libero, altrimenti Avvocato e Prof. a contratto c/o Università della Tuscia e Università di Cassino;",human
1183194624,MARIACARMINATI1,ADORO VALERIO SCANU!!!,bot
53002473,Niebbo,"Veneziano. TEDx speaker. Scrivo su The Vision, Cosmopolitan e Termometro politico. Un libro, un fumetto, sceneggiature. Fan della democrazia.",human
534504035,Hepicuro,navigatore e navigato tra il beffardo e il faceto.,human
1069206085,PaoloBaldo3,"puniteci, sanzionateci se ce lo meritiamo, ma prima sbattete fuori i  LADRI!!!",human
2949925353,SuperPannocchia,,bot
2968800676,DalilaIngrasci2,Art Account - @Lumel__,human
1010978324569640960,1D02685599,,bot
595846370,MariaCamillagl,,bot
2949963189,mielosa69,,bot
326826176,PaoloLagonia,Ricercatore CNR e componente Direttivo Comitato Idonei Assistenti Giudiziari,human
755328987795165184,GIUSPEDU,,human
825395422147522560,EmiliaVS1,,bot
1109829834,EnzaAltieri,"Seri bisogna esserlo,non dirlo,e magari nemmeno sembrarlo",human
1005103898556760064,unfakingnews,"Alerts about fake news, rumors and misinformation around the world (mainly bot and a bit human). @unfaking_es Contact: unfakingnewsbot@gmail.com",human
989081978,mimi_t123,,bot
3102658995,OttoPasser,,human
1005568886098550785,Oned1r3c7ioner,| One Direction➡️| 5SOS 🔝| FANGIRL | Aviciiers |Italy🇮🇹| Liceo Publio Virgilio Marone📚|,human
202212121,Armonja,,bot
1260617916,LaTiger1,Canton Ticino,human
806570189429018624,TheCrewOnTheWeb,@andreadimario82 @fefinus @giorgiocupelli Influencer del mondo social Amanti dell'Automotive https://t.co/YRbzy0G4J3,bot
824224632467312642,babymalik_lh,Vorrei soltanto abbracciarti e poi fermare il tempo. @Zaynmalik @Luke5sos,bot
3042097091,lorettarag,,bot
825410712281501698,pannocchietto2,,bot
750684233857961985,prpeugeotcrew1,Sport,bot
2535033852,MenteObliqua,"Da bambino pippavo Nesquik col mio amico immaginario.
Instagram: https://t.co/J7xoLDONB8",bot
3002946545,eliptz66,,bot
2918679371,anomis_anomis70,,bot
358795296,TuLangheRoero,Official Tourism Board: share your tweets and photos with us! #langheroero Video: https://t.co/XBSZMPqbPv,human
1011723273057554438,Harry00913,,human
2996584924,MaxRossi2015,"La musica è come un ricordo senza origine, un qualcosa che a un certo punto arriva nella tua vita; non hai memoria di questo, ma è come se fosse sempre stata lì",bot
3407591541,CarlaChianese,,bot
1009859481214341120,Denise04955126,,human
826008852567031808,RubinoDue,Insieme uniti.. perché divisi siamo persi 💜,bot
726332639964200960,Aaaarrrrrmmmnnn,io sono arrrmn figlio di azizze,bot
721817054,Fuckeveryonexox,"Quando non mi lamento bevo e faccio fotografie.

Caso pieno a tempo perso™",human
1010610247789096960,voteforlegends5,Vote for one direction and ZAYN,bot
1086442256,CAvenali,"Responsabile Ufficio di Scopo Piccoli Comuni e Contratti di Fiume della Regione Lazio. Economista, Ambientalista, Legambientina.",human
1012110155553570816,MartiAndNiall1,Hiii. VOTE DIRECTIONERS for TeenChoiceAwards,bot
1011995299622064131,1DFamil22117676,1D Family 5sosfamhelpdirectioners 1Direction One Direction Directioners,human
573568763,GiovanniBaldin3,"Architetto, cartonaio, antifascista, antileghista, antigrillista, #facciamorete",human
2920280901,sorriso_blu,,bot
415107191,Salvo1Di,Giornalista,human
2217834630,Dany1Dlove27,Ci sono stelle che poi cadono dal cielo e persone che trasmettono mistero🌸 GMCO 👑,human
202361176,eligigarda,,bot
2579632449,BorsariElena,,human
51703470,Tigermat,"I am Italian, I love reading and watching film.",human
2547012645,fpatea84,La Fortuna nn esiste... Esiste il Momento in cui il Talento incontra l'Occasione... Speriamo arrivi presto!!! 😜😜😜,human
1691235696,thanksdelpiero,,human
1006938498811809793,Marivolainalto,"Donna di destra, nipote di bersagliere",human
2950692315,PaolorokOri,,bot
834490192954290178,AleStylinson_,,bot
945654953003057154,electricspirith,"""You don't deserve a point of view if the only thing you see is you"" - Playing God By Paramore/ fan account",human
2918674683,AlwaysGio__,,bot
2240552686,dentista46,Una vita sola. La mia,human
2983182773,claspa62,,bot
812590099024199680,Giuseppemamone5,,human
2982486513,TheVoiceVS,,bot
148803815,holdon80,"Bolognese, classe 1980. Di giorno lavoro, di notte odio i 5 Stelle.",human
489519253,GingerJCB,,human
4189019849,giogio_al_cubo,"Biker/MTBiker x passione✌ ❤ gli ANIMALI (tt) 
❤ ⓙⓤⓥⓔ -  FOLGORE⚡️6^78
e ➡ n.b.: BLOCCO preventivo di 🇪🇺, 🌈,DM,ANTIFA ☠🔞
#Leghista💚 
#26MaggioVotoLega!",human
2982782446,GabriGabri_ts,,bot
809795080429142017,1dvote____,Vote for ONE DIRECTION👼🏻,bot
585560662,AnnaFiusco,«Sogna come se dovessi vivere per sempre. Vivi come se dovessi morire domani.»,human
782534791975563264,Frafra20_05,"*Cresceremo insieme💭✨*
18/11/16
15/04/18",human
276497372,Gianni_Elia,,human
826000575657549825,GialloAmetista,Insieme uniti.. perché divisi siamo persi 💛,bot
55404019,Legambiente,"Ambientalismo scientifico, volontariato, solidarietà: una passione lunga trentanove anni.",human
893832219873206273,IamKatPetrova,,bot
822162132863160321,Robin_Hood2223,Musica Personaggi Web Musica Artisti Stranieri Arte e Cultura,bot
2982464944,mirtillamarino,,bot
202339780,ZiaPerla,"Sei  la  lente  che  accende 
per  me... ogni  colore...     ❤",bot
819902175619022849,AnnamariaMI85,"... non ho né padri, né padroni",human
989188674452639744,sunriserossi,"l'indirizzo lo sai,
               


                                       𝒔𝒄𝒆𝒈𝒍𝒊𝒎𝒊



@fedefederossi ; @benji_mascolo 🖇",human
1718499800,edoardo858,"🎶🎧🎶amo la musica perché mi fa sentire leggero,come una sensazione di volare (billy elliot)🎶🎧🎶 https://t.co/infNA7n6aV 
🎶🎶https://t.co/c5lO67Iynl",human
765890238946443264,EmiGabirel,Athleticzale.Antifascista.Bielsista.GORA EUSKADI. AUPA ATHLETIC.,human
3346645053,claudyfulco,,bot
2982506153,DeiElena,,bot
2982443524,Giovannablu,,bot
752025755304026112,CharlyDog96,,bot
4839898869,Nene1d2,,human
4445949435,guestofworld_,"You try to hurt me, you fail and i'm stronger than you already know
#BaellSquad  #Gennex #Eiram🌈",human
2334131662,2000gmw,,bot
422924590,RitaRossi6,Non fare agli altri quello che non vorresti sia fatto a te......,bot
296318811,LavaBarocca,"Dovrebbe smettere di cincischiare! Ma... È confusa, è così confusa da colpirsi da sola. 🤷‍♀️",human
2376525880,Ilmeglioretweet,Retweetto solo il meglio,bot
1357959324,1dvotedfan,one direction stan || fan acc,bot
784806259052666880,Rosafio40018873,,bot
1005146327523713024,5amori,p r o m i s e,human
1028654280,pasala15,libera e antifascista,human
1050774624,OGiannino,Giornalista. Fondatore di FARE per Fermare il declino,human
3031628369,annamariams75,,bot
1011956312580804608,Foool1d,,bot
1857099379,eluu_eei,No. - #facciamocomeLecce,human
425943636,BorgheseAle,,human
868185435293585410,AriEOned,,human
949059133893853186,itsfakefaccv,,bot
250624869,MarcoTalluto,"Nulla di ciò che è vero può essere minacciato, Nulla di irreale esiste. In questo si trova la pace.",human
971374169781882881,Brunystamp,,human
834243806899867648,LuisaRoma4,,bot
2998582175,morgabar,,bot
823274532035264517,giuliac22,Ognuno di noi è schiavo di quel che dice e padrone di quel che tace. *Arturo Perez-Reverte*,human
2951285517,ulitop,,bot
2300098037,alfiollo90,,bot
2754471474,pinella69,,bot
2560586103,DonnySbrocca,🇲🇽☆☆☆Juventino fino al midollo! Usurato... intollerante...politicamente scorretto!!!□■,human
1011940333389836288,VOTE1D95275281,,bot
3873877475,paolagolfetto,,human
1056095060,whyalesswa,la mia vita è una commedia romantica in cui di romantico non c'è nulla e di comico ci sono io che rido alle mie stesse battute.,human
1007902743774793728,liberamentesara,,human
1226915408,piermario_odd,,bot
329134629,Anr_s92,,bot
58165167,RavazzaniGuido,Influen-zato. Since '86  - ❤ Running /tennis player - Milano - Italy🇮🇹  -  IGM: guidoravaz  #WeareACMilan 🔴⚫ #Mexico 🇲🇽 en mi corazòn,bot
831859384695287808,lucy011307,,bot
2920996798,SolaMente_te,,bot
2918711542,TinoVale23,Sogna la tua vita a colori: è il segreto della felicità. 🌈,bot
2211763337,FraLu64,,bot
832998854828113920,pippo0302,"Umile è chi ha le ali, ma cammina..",bot
980211187475415042,Romina82c,,bot
845712063251054592,DavideArena1897,"Non ti dimenticheremo mai, Asto. Riposa in pace. ⚽❤

Grazie di tutto, Gigi! #UN1CO

#FinoAllaFine #ForzaJuve",human
524420458,MartaGobatto,"• Farò sempre musica, in un modo o nell'altro • ❤",bot
561125828,Laura_Ganna,,bot
4655510439,1dlarrysaf,“I’d marry you Harry” Harry Styles: 02.04.2018 Niall Horan: 07.05.2018,human
3291561425,AutunnoSi,,bot
987694134529052672,cliffordvshor__,"卌
@cliffordvshor_ 's backup                                      Fan Account",bot
442096443,andrearomano36,,human
633548507,stellacadente60,,bot
825402582579412992,Melindamarte,Musica,bot
1012147848496869376,VOTE1D35666206,,bot
4082476475,cloudscouldtalk,𝔀𝓱𝓸 𝓭𝓸 𝔂𝓸𝓾 𝓵𝓸𝓿𝓮 ۵,human
1011975267915575297,Harry23533247,,bot
437486455,PatriziaPelleg2,"Cloud Marketing @ IBM Italia, I love music, gardening, travelling, swimming, cinema, animals and watching stars. Opinions are my own.",human
1013118357925777409,LSicuri,In cerca di più sicurezza per vivere Napoli,human
434217283,SBalassone,"manager media, insegna comunicazione, osserva la politica",human
2672479163,ValerioRosaria,,human
502749635,adatorelli,Tutti possono migliorare a dispetto delle circostanze e raggiungere il successo se si dedicano con passione a ciò che fanno.,human
2980869201,sabrina_327,don't like me? don't care.👑,human
942158304725295104,MichyannaSalvo,,bot
500980523,paola_pp77,"Ribelle sempre e comunque. Educata con chi è educato. Arrogante con gli arroganti. Toscana D.O.C. ma piemontese d’adozione. No DM da sconosciuti, non rispondo.",human
595356862,CarbonFrank,"Q unica,bellissima e mia. Voi siete Vietcong, io il Colonnello Kilgore. Roma. Vivo nella mia Borgata, da sempre.",human
703315728766730240,_Sara_Ciancio,La vita ci offre la cattiveria che ci fa male. ~,human
923484261885374464,valerossii94,"«Mi sei mancato tantissimo.»
Federico: «Amore, anche tu.» 💔👫",human
1064122518,_1djrection_,"«E beate quelle persone che, almeno una volta, hanno provato la sensazione di quell' abbraccio.» @onedirection @zaynmalik @TylerL_Hoechlin @dylanobrien",human
836505264706715649,Lovely7012,Mi piacciono le persone positive!Detesto le discussioni inutili!Cancello dalla mia vita chi mi delude!!Sincerità e rispetto sono i miei valori!Sposata!NOOO DM⛔!,human
1092509449,alloralola,Donne come te annegano oceani.,human
814176367,I_am_a_Jcats,,bot
825380362226429953,Barby21217171,,bot
2998556339,MStruttura,,bot
891652563795181573,lorentthia,"fangirl 25/8

one direction is alive.

line: lorenthiaa",human
2984398203,aurorapani,,bot
20432064,ederoclite,"PhD, Presidente Pd Napoli",human
1012085786043453440,hhh72707545,,human
160179878,roscoffo,B e A B e E BA-BE B e I BA-BE-BI B e O BA-BE-BI-BO B e U BA-BE-BI-BO-BU,human
3021446434,sonoacido1,,bot
4782660614,trattomale,"""Non sei serio"" come definizione assoluta, Nerd, giocatore di #dungeonsanddragons
Il mio editore alla quinta birra dice che devo scrivere libri. Massimo sforzo.",human
822108222353981442,allina1712,,bot
1000351128389865477,Anita_Rebekah,"//Just an italian 15 years old fangirl//
1D 5sos//bilingual//
                                                                       
all the love x. 💕",human
561480213,NoemiServizio,"Psicologa del lavoro appassionata di cinema e serie tv, volley e tennis",human
4548516682,barbaruccia2,,bot
1034383638,xyfraofk,"Sono tempi strani, in cui tutto si puo' dire e tutto si puo' fare: ma non si sa che dire e non si sa che fare!",human
549173992,NonnaMario,,bot
728183118457384960,AngelaMascara,,bot
866147862,Nazzi_Mi,"Non sono facile,se fossi facile sarei una qualunque.... 🤷‍♀️",human
562092002,manola_piredda,,bot
4549605137,leone150872,,human
804851456310439936,sonia_minipony,,bot
184810052,___andremauro__,la vita è bella,bot
2920497934,Tremendamenteme,,bot
897538992345927680,Vale_CaraVs,"◼23 years

📚Università degli studi Aldo Moro
       «I forti sono forti fino a quando hanno coraggio» 🆚🎵🎶",bot
1010605695601963008,blankxstyles,"I'm just like you, even though my problems look nothing like yours do.",bot
520683997,scofieldsbaby,"perchè tutte le ragazze sono belle anche struccate,e poi arrivo io che sembro appena uscita da una puntata di the walking dead?",human
136653194,Pippo968,la vita vince su tutto,human
601660948,piricoddi,"""Nati non fummo,  per viver come #Gobbi""!!  #OriginalGobbusters
 #EsorcistaGobbico   🥁#Musicomane #VanHelsing del Tuider cit @Noah61297466 #antiNutria",human
1012607637026983936,5boys1D2,,bot
2336493886,santone1973,"Interested in Astronomy🔭,Photography📷 & Space 🚀 Man father husband    Star Wars & Star Trek fan✨🌙",human
1011334857966931968,Mochilover2,,human
4352856142,Benedet84186855,"Ci tenete entrambi, avete solo smesso di tenervi.",human
847497841,PiLu975,''Cica e la cicca che appiccia'' #spoetizzante,human
3315099276,giorgiocupelli,Fondatore e vicepresidente di @PeugeotCrew ed influencer in @TheCrewOnTheWeb nonché appassionato da sempre di MOTORI!,bot
2919407973,polveredistell7,,bot
276026459,avatar1dory,Su twitter brevi incursioni.Un bel film lo riconosco da pochi frame! X qlcn di voi nutro 1 certo trasporto.. gli interessati lo sanno.Ultima password CIULEMENEN,human
2939550185,Enpatreviso,....non ci fermiamo mai!,human
968196446,1DAnneStyles,Directioner...is a promise :) //06July2014❤️// 28May2017❤️//Benji&Fede❤️// STI CAZZI! //28June2017:Him❤️// 02April2018:H. ❤️❤️❤️❤️❤️//,human
412155718,PietroGrassini,In precario equilibrio,human
761487243353743360,asia2998,"Ex L. Artistico Age:20 Camminare fa passare ogni tristezza, ti va di passeggiare insieme? meriti del mondo ogni sua bellezza..@MetaErmal Instagram: asiamonguzzi",human
133460400,Pius_XII,Amo la Chiesa Cattolica perchè amo la Vita!,human
421858976,LorisDeluxe,"♆ Good As You. Grafico Pubblicitario? #RimangoBasilico 🌱 @melaniecmusic @elliegoulding @NellyFurtado, @BritneySpears #BritneyArmy @KeshaRose",human
825028579767390208,ladyna14,,bot
548764543,SavianaVS,Il mare porta via con sé ma spesso sa anche riconsegnare,bot
2580731380,geomagalunare,"Prima ti criticano e poi ti imitano. Quindi, mento su e un bel sorriso, sii quello che vuoi essere - me. @MadHatter_85 @MichyMouse_09 @Cwtchart",bot
2767540864,WendyJacker2000,~Occhi che si cercano fino all'impossibile~ ||❤❤❤ DEAR JACK ||,human
3028624132,mimmapolpo,,bot
2992407304,chiara_220896,Credi sempre in te stessa🦁💛,human
1123481,Cafeponci,"Livornese. Giornalista, social media coso, scribacchino: in pratica un cazzaro.",human
2781237202,linosegna,Operatore del trasporto pubblico locale non di linea #Taxi #taxista,human
3224618207,Giovanni1DiMaio,"Caserta, studente di giurisprudenza. Nel tempo libero letture e sport. Qui parlo principalmente di politica. Socialismo o barbarie.",human
831785890552877062,IlaryBlacks,,bot
922839841,MarcoMameli2,"http://t.co/Q1iQmaenQh AUTORE DI OPERE LIGNEE  E DI OPERE  SATIRICHE DETTE SARDONICHE  http://t.co/KJMGs52Dd5     
https://t.co/E1ok65q5mZ",bot
3173307514,vuotodaria,Italian girl; 21 🎂; from Sicily ☀️; travel 🌏; art & architecture 📐; sembro antipatica e forse lo sono 😜,human
989116382611755009,FlauretZoe,,human
822200874,insomniac39012,In margine ad un testo implicito (Nicolas Gomez Davila),human
816242626332598272,pazzepericlario,,bot
1367800687,Fionami1,Io & Fiona viviamo a Milano e siamo su Twitter per informarci e per informare .,human
2896312810,Cri1DBenjieFede,"Vietato smettere di sognare. 
Benji e Fede♥One Direction❤ Riccardo
#criede 
Last♥
fan account",bot
390778324,fran_rkid,Rock ‘n’ Roll Star • @sscnapoli supporter,human
752099077756686336,Ilaria1605,"28.10.16-7.05.17 ❤️
01.07.2018❤",human
506048809,gianmarcoespos2,,human
750998654534750208,pisanodocchee,@Peugeotitalia @peugeotcrew the best amante delle moto e di tutto lo sport in generale,bot
1006016766,LiviMonica,,bot
950821235407163392,michesoria86,Divertiti,bot
2363390223,PafSamu,"//Vorrei un giorno camminar da solo, ma solo solo, senza me stesso// studente di Lettere moderne, aspirante giornalista. col cuore a sinistra",human
808773963023286273,lucynothalee,new account @alterloveSH,bot
741328501094121472,LaRagazzaTomli1,"🌼🌹.it is what it is.🌹
 amo ciò che è  odiabile, odio ciò che è amabile",human
2985820509,gardi_2,,bot
422947897,TangaloaLazia,,bot
554630722,Lisa96_Vs,,bot
839190638264528897,ema208gti,,bot
2984510759,rosafiore13,,bot
1011936924125327361,since2010lovs,just voting lovely ppl,bot
1010968620866965506,1DVoting28,Vote for our boys 💚💙,bot
4490976615,domusperusia,Una biografia tutta da scrivere,human
992839373405093888,JmeJMG,*insert forgotten quote*,bot
2771208186,lory_rubin,,bot
750994229216833536,208_alien,,bot
977928174582616064,Fausto77969754,Attenzione! Epidemia di Effetto Dunning-Kruger in corso!,human
969646849228525574,jiminieikigai,"if the energy's dead,
let things die.",bot
1064261450,StefaniSer,"🇮🇹🇬🇧 Impara a essere ricco, a essere poveri ci riescono tutti.",human
606575726,rbgiova,"Juventino D.O.C https://t.co/CgynfH7kWg

Faccio del Nomadismo il mio stile di vita",human
442144847,lillialf,me stessa anche troppo,human
774339716409921540,maxabbate1978,,bot
804846189439057921,marco_fiorotti,,bot
1011913641548009472,NiallIsAnIdiot,@niallhoran I love ya🌻,human
950998000742141952,Gianni67055117," Ci sono giorni in cui essere Interista è facile, altri in cui è doveroso e giorni in cui esserlo è un onore..!",human
911509904795545600,GennusaGiusi,,human
455749051,plustoutseul,"stay up on that rise and never come down. // 22, multifandom, procrastination enthusiast, fan account obviously, https://t.co/tmJUuRyd6d.",human
554539740,FiorinoKetty,,bot
1012089312794509312,1d_votate,KEEP VOTING #TeenChoice #ChoiceFandom #Directioners @onedirection,human
177548621,DAMarciano92,"Dio fece il primo giardino, e Caino la prima città.",human
2385911950,GreyUnicorns,"» But you once told me ""don’t give up
you can do it day by day and diamonds they don’t turn to dust or fade away” «",human
486025962,EffeCi5,Life is what happens to you while you're busy making other plans (John Lennon),human
2455009450,improta71,,bot
2237617592,alexa1163,"Tranquilli, il piccione sta bene",human
2837970855,CatholicTweet1,Spreading the Good News. (Following/FAVs/RTs ≠ endorsement),bot
3122007425,GiuliFioravanzo,🌈professional fangirl🌈,human
978697024722829312,ElfoInformatico,Ingegnere informatico. Lettore e videogiocatore. Gattofilo. Politica. RT is not an endorsement. #NoEuro #NoUE  #Italexit #NoGlobalCompact #Tuttosubitista,human
740647957091999744,fabrossoni4,,bot
2364628874,Jankar1d5a6fc4,,human
3419845179,blu3n1ghtw0lf,↬ ᴺᵒʷ ᵖˡᵃʸᶦⁿᵍ; ιиѕοмиια - รƭɾαყ ҡเ∂ร ↫,bot
1000029438233448448,Mario10983853,,human
962445055,marcolinoneri,,bot
1244391379,ArtBeatIdeas,"Collettivo Artistico Indipendente/Arts Production Lab - Music, Popular Dances, Graphic Design & Visual Arts, Social Media Marketing",human
363938347,udcandrano,"Unione di Centro di Andrano e Castiglione d'Otranto in Provincia di Lecce, sezione fondata nel 2008.",human
979300010843168772,DianaMu82095574,,bot
468385317,MariaNicola2,,bot
1009719238616145920,maricos7,,bot
456210073,MarcellaGiVi,,bot
825717413689835521,ciarly7498,,bot
186977143,Queerrilla,"Ma di' soltanto una parola e io sarò selvaggio.
👕Shop https://t.co/RFOtBJfaSO
✨🔯🔮Illustratore, Grafico, Geisha multidimensionale.",human
940196016409731072,_ifellinlove1D_,🇰🇷 _안녕하세요_ 🇰🇷 • 02-05-2001 • Casalvolone • • #singer 🖤💋KPOP💋 ❤️🌸🇮🇹ITALY🇮🇹❤️,human
804848726741282816,davide_rigoni16,,bot
824903248599355395,Babi47671391,,bot
1331398375,FiliFuli,Compagno di Mimoza.. papà di due gemelli Aleksander e Davide ❤️❤️ Juventino fino al midollo!! ⬜️⬛️❤️Fino alla Fine!!,human
2982546107,Gabri_Razzoli,,bot
484162494,flaviabettini,"Le persone sono come le vetrate, scintillano e brillano quando c'è il sole, ma quando cala l'oscurità rivelano la loro bellezza solo se c'è luce dentro E.K.R",bot
1459595030,ACCOUNTPERVOTI,,bot
617171996,cercinico,Chi non ha il coraggio di ribellarsi non ha il diritto di lamentarsi,human
2432948813,fabioferrero71,Autista autobus linea. Se pagate vi amo. La politica non mi appartiene.,human
2919429628,Mithra_01,Non esiste errore utile al genere umano; non esiste pregiudizio che non abbia conseguenze più o meno terribili per la società. (Paul-Henri Thiry d’Holbach),bot
2950711839,pittore1960,,bot
125072714,ArmataScanu,Fanclub Ufficiale di @Valerio_Scanu,bot
1011189105923784704,1d_choice,,bot
883611156228825088,1d_allmylove_,"Directioner Forever!!
💙💚,
💛❤
/fan account",human
2983016661,io_principe,,bot
1011923110617116672,TOMMOTHEBEST1,SONO @_LouisTommo_91 GO FOLLOW ME!💞,human
2862813495,MiMaresca429,17,human
2870733197,indybalasarms,14/10/15 9/04/16 1/11/16 4/03/17 8/04/17 27/05/17 8/07/17 20/08/17 16/09/2017 3/03/18. 6/03/18. 8/04/18. 14/04/18 7/07/18 10/11/18 16/11/18 16/12/18 30/12/18,human
233223130,mammaraffy,,bot
271012954,mammagiulietta,La mia filosofia? Aiutare i più deboli. Per questo ho creato https://t.co/YwakvpnkiV,human
1086915288,preto_carla,Voglia di vivere! 💫,bot
2267806358,ottogattotto,"Molto socievole, profondamente antisociale.
GrilliFascioRazzisti qui non hanno diritto di parola.",human
201197015,claudiamamy,Se puoi sognarlo puoi farlo,bot
2951460352,margotcheri,,bot
1011952811674828800,BadGuyEilish_,i love @billieeilish and @johnnyorlando,bot
3042187528,torrianas,,bot
162672772,darkangel78,,bot
627733507,Pattynavmeli9,,bot
926532287675731976,GPettella,Arte e Cultura Artisti Stranieri Cinema Editoria,bot
2996521607,Melissa1D13,"02.07.17
04.11.17
RM🗝",human
1216009520,magnomiche,"Sindacalista pentito, ma non troppo. Di sinistra, ma non troppo. Lazialissimo.",human
461015426,CinziaMolinari,,bot
1004423026027520001,cararosss,"società sportiva calcio napoli💙
|fan account|",human
3500831,CapaGira,Mens sana in corpore vili.,human
717335652791107584,Mariucc17684432,,human
2921357452,federicoinfa,,bot
839182595875274752,stefano_bbq,,bot
14906561,k009034,A photographer on a mission to find beauty in everyday life. #travel #photography,human
911914830793240577,cristinamilani_,fuck it,human
424907383,FabioTraversa,"Barese in trasferta a Roma, funzionario al Mibac, giornalista, blogger per @AltroSpettacolo (ex Reality&Show e TvBlog), seguo con passione il mondo della tv",human
979783776489353216,Vivian7412,Il mio tempo non è ancora venuto; alcuni nascono postumi.,human
822202598526623744,goi_ita,Notizie sulla Grecia in italiano,human
831165187994574850,Cassandra6624,,bot
1012070142719774720,1dVotate,Votare per i 1D,bot
825460743445286913,ranzoniana1,Essere me stesso,bot
989748219776126978,Emma92517603,"Italian fangirl🇮🇹
#BangtanBoys#BTS#Korealovers🇰🇷❤#",human
3030965421,magitotano,,bot
993286910650015744,Mays1Dmeme,"‏‏‏‏‏‏directioner 4 ever
داركشنير اند براود",human
3098888799,gasperino75,"Adoro la gente che parla del nulla, è la sola cosa di cui sanno tutto.",human
963118390876491776,RipassoRt,"La scatola magica🎁 Qui tutti i vostri tweet con gli # di Linda @fragolinarossa8 @aritmodelcuore 

 ...qui SOLO RT 
e solo con i miei #🍓",bot
948982405838397441,LupoLupo14,,bot
832346968101888002,vasivas3,,bot
2797764234,FrancescaDivs,,bot
549384602,Ne_Ilaria,,bot
959255458774122496,1dinmyheartA,A louca dos memes☀️Treat People With Kindness até aparecer uma poc☀️Sigo de volta (menos conta pessoal)☀️Fan account☀️Chama na DM bb,human
916187275133890565,78Aya80,"Directioner 4.E 💜💋and proud of my boys 😍👑
L❤H❤N❤Z❤L❤",bot
4818612196,FartFromAmerika,Non auro sed ferro. Socialista in economia conservatore per il resto.,human
950821515364372480,Pezzone73,,bot
561474634,marinellazanine,,bot
784803897483358208,rosa6644,,bot
4836438088,BrunaMarini5,"Sono nonna...adoro i miei nipoti .....sono dalla parte dei giovani.
   religiosa...non mi piacciono le persone false!!!!!",human
2984643466,iitsclarry,@hequalouti voting account,bot
700244333,GiacomoNesci,"Uno nasce e poi muore, il resto sono chiacchiere.",human
3031331457,Noemi929496,"Niente è per sempre,tu sei il mio niente❤
@benji_mascolo 
@fedefederossi
Fan Account
Italy",human
942142510360596480,chiara__92,,human
407609289,diazepam1g,,human
1006252077536997377,Shadowmere16,Io sono un principe libero e ho altrettanta autorità di fare guerra al mondo intero quanto colui che ha cento navi in mare.,human
1011716963498909696,IaIaIie,"the people danced to the sound of your heart, the world sang along to it falling apart",human
549375513,elisabettadelog,La musica diffonde nel cuore delle parole e scrivere diventa la più bella delle sinfonie come la tua voce Valerio,bot
1012132071073112064,1dvoteeplss,Main account @sofiaprincipe69,bot
883056345200635904,RoseNereXII,🌍💞,human
1012049887947456512,1DDirec47313447,DIRECTIONER,bot
796687702141845504,roboadvisoryw,,bot
1886073978,angelstrange200,,bot
2984381056,cinziagenziana,,bot
32604352,coupongenie,"I work from home and cook for a family of 4. Follow my shopping adventures, free menus, grocery list, and coupon tweets.",bot
2862202113,giusychiacchio,•CERCA L'ECCEZIONE•🔆 ❣️Solo se ti rende felice.❣️ διαηlυcα.•👫 // «siamo solo per pochi.🎈»,human
2982584363,chicchiola,,bot
825979861659443201,pirasemy,,bot
2339156160,shawcesca,"18 y/o
                                                                                 
Italian Girl.",bot
971721103,fefinus,"staff , fondatore e fotografo di @peugeotcrew amo il rally e la NWOBHM! @TheCrewOnTheWeb",bot
950817898389540864,francescomosti6,Io sono io,bot
2264615275,RobyMasetti,Ci sentiamo presto...,human
3017654309,MuduPina,,bot
1006066460,Bobetta3,,bot
2984400682,valedisco,,bot
615539623,leclerckkonenn7,@ScuderiaFerrari and @F1 addicted @alfaromeoracing supporter / @valeyellow46 / tifoso occasionale e allenatore da tastiera di juventus fc / I. AM. IRONMAN. ⎊,human
4046597542,secesecwolf,,human
823299348331134976,_lovelyqian,trash lover,human
3020402578,roxiscar,,bot
2367002093,LookInThyHeart_,"🇮🇹 🇪🇺

Linguista. Docente precaria. TV series enthusiast. Femminista. Tassorosso. Juventina. Attivista per la corretta pronuncia dei cognomi veneti.",human
1481404124,luigic64,"55 anni, Psichiatra e Psicoterapeuta, Radicale e Federalista Europeo. Appassionato di Filosofia, Arte, Mare,Musica Rock Progressiva, Subbuteo",human
2949953224,MariaTeresa1002,I like food and boybands,human
751373947262869504,artemide1984,,bot
2918732806,Sardalice2014,,bot
765296964401557505,benilmiosorriso,,bot
831914104507990016,BigiPiero,,bot
625712362,CaressaGiovanni,Le vicende politiche e non attraverso lo specchio deformante della satira.,human
2982526985,JustinevMara,,bot
831131341253124096,dora_momi,,bot
735822179783303169,gbrugnoli70,||| Vicepresidente di @Confindustria per il Capitale Umano ||| Chairman of Tiba Tricot S.r.l. |||,bot
3337054126,paciocia88,Emancipate yourself from mental slavery. None but ourselves can free our minds. B. Marley,human
4636530203,emanuela635,,bot
2419259186,Gisi1D_06,"DIRECTIONER & ZQUAD: 
#PROMISE. *Fan account* | 17| 🦋",human
1202102875,ArmandoAlej,"Interista nell'anima e cuore for ever! Periodo più lungo senza vincere lo scudetto :  Inter 18 anni, Juve 21, Milan 44. Sì avete letto bene...",human
4636335555,gessica_bravi,,bot
4580699608,dorigoalessia1,,bot
1301400318,Nofeartohorses,,human
2269447992,Ele_1DMD,"I'm Elena|Music is life| |One Direction| |Ben| |Fede| |Lele|
|Peppe| |Matt&Bise|❤❤",bot
896437116766388224,HospitalityMatt,The latest and hottest ideas and trends in marketing for the hospitality sector,human
2949998247,emiliasal46,,bot
986192376241770499,Hi1DHavemySoul,"a differenza vostra, io metto sempre il cuore
(fan account)",human
360046793,gattineri123,,human
769392715,RichiMasu,Mi viene da vomitare.,human
363954532,venus_in_furia,giovane laica e democratica,human
3007724008,76lauraLaura,,bot
994684151046524928,Harry1D_4,#TwoOfUs #TeamLT,human
278767989,Imperatrice17,"Redattrice presso @quotidianonet e @QS_Sport - Animose Non Violenter

Contatti: giusyannamariadalessio@alice.it",human
494889421,Laus264,In costante via di definizione..,human
4826949964,DonatellaTosati,,bot
781523989793497088,Loretta26212914,"....e se, passandoti accanto, ti sorridessi?",bot
503680418,MagiMudu,,bot
1446141966,spano81,"Laureata in E.C.G ed ho lavorato presso il Banco di Sardegna, sempre stagionale, purtroppo. Amo la Juve e tifo Dinamo Sassari.",human
751364095639773184,zoro84style,,bot
3228649563,trashades,wubba lubba dub dub fucking kill me,human
299365630,RiccardoCiacci,"Applied Micro-econometrician. Assistant Professor of Economics @LoyolaEcon
Fields: Gender, Crime, Development
#HeForShe",human
2323994683,Claudia62VS,,bot
979117618295656450,Valenti38361807,"Cosa so della vita..? Niente è facile,ma tutto è possibile..! Basta solo crederci🍀VS💖",bot
1379007452,ehiRicardo,| 230319 Kaka 🔴⚫ | 280614 🆔 | 101117 & 020418 H 🌸 | 070518 Niall 🍀 | 251118 met Louis 💙 |,human
2976226983,LaraPolidori,,human
923265879449759744,Louis1DNews_,27.10.17~H.S.|| 27.04.18~N.H. || 11.03.19~S.M. || 🔜02.08.19~E.S.,human
396024657,SoniaPoletti1,,bot
1122716048,InMyMind80,"Sono stato in silenzio, non me ne sono mai andato... 
scoppio al momento giusto come le bombe di stato",human
972790109325099008,IOmbra,"Vigilo nell'ombra, sgomino la propaganda Governo & Istituzioni Governo & Istituzioni Governo & Istituzioni",human
449038596,gemmaantonello,"Non si può piacere a tutti,ma si vive benissimo lo stesso",bot
406457303,horanschords_,"living in winter, I am your summer|Bea, 20♌|▪️1D, Niall, Selena, Taylor, LM, 5sos, Shawn, Julia, Maren, Ultimo, HP, Friends, Skam, This Is Us, JTW,➰",human
825718832484474880,romeo1571,,bot
3119392109,1dmccurdians,❯❯❯❯❯ 卌 5H tøp Ǝm,human
1012138187576180736,Harryfookinstyl,,human
905405149614624769,Emy40850356,,bot
979754063935000576,babyblueperson,"- And there's nothing wrong with crying, but my empathy is dying -🍯🌿",human
3304132186,a7042237ab0f466,,bot
38846888,faornano,+130.000 tumblr followers,human
477014834,hope_2419,"cara mamma, se ho tutti i vestiti sparsi per la camera è perchè ho i cassetti pieni di sogni. ~02-05-2013 @xneedhug ❤~ Shadowhunters ~ Music ~",human
804074275376431105,Tina64884808,,bot
2982573165,nichilu,,bot
825698658695905280,FiloRosso2,{ É rosso e forte il filo che tiene due anime vicino },bot
751371698327416832,mario_anselmi72,,bot
726755736236253184,papersouls_,le mie chiavi di casa. @michele_bravi @GreysABC @IRAMAPLUME,human
835202996585787392,_CamillaFio,,bot
